Workbook

Sheet Data x Forma Pagto
B1: Relatório por Data e Forma de Pagamento
B2: SOFT Clínica de Oftalmologia | Período: 24/08/2026 a 02/09/2026 | Valores em Reais (R$)
B3: Cruzamento dia a dia dos recebimentos por forma de pagamento, com totais, participação e ticket médio.
B6: Matriz Diária — Valor Recebido por Forma de Pagamento (R$)
B7: Data | C7: Dia da semana | D7: Atendimentos | E7: Dinheiro | F7: Pix | G7: Cartão Crédito | H7: Cartão Débito | I7: Total do dia | J7: % do período | K7: Ticket médio
B8: 46258 | C8: =CHOOSE(WEEKDAY($B8),"Domingo","Segunda","Terça","Quarta","Quinta","Sexta","Sábado") | D8: =COUNTIF(Lançamentos!$B$8:$B$49,$B8) | E8: =SUMIFS(Lançamentos!$K$8:$K$49,Lançamentos!$B$8:$B$49,$B8,Lançamentos!$L$8:$L$49,"Dinheiro") | F8: =SUMIFS(Lançamentos!$K$8:$K$49,Lançamentos!$B$8:$B$49,$B8,Lançamentos!$L$8:$L$49,"Pix") | G8: =SUMIFS(Lançamentos!$K$8:$K$49,Lançamentos!$B$8:$B$49,$B8,Lançamentos!$L$8:$L$49,"Cartão Crédito") | H8: =SUMIFS(Lançamentos!$K$8:$K$49,Lançamentos!$B$8:$B$49,$B8,Lançamentos!$L$8:$L$49,"Cartão Débito") | I8: =SUM($E8:$H8) | J8: =IF($I$16=0,0,$I8/$I$16) | K8: =IF($D8=0,0,$I8/$D8)
B9: 46259 | C9: =CHOOSE(WEEKDAY($B9),"Domingo","Segunda","Terça","Quarta","Quinta","Sexta","Sábado") | D9: =COUNTIF(Lançamentos!$B$8:$B$49,$B9) | E9: =SUMIFS(Lançamentos!$K$8:$K$49,Lançamentos!$B$8:$B$49,$B9,Lançamentos!$L$8:$L$49,"Dinheiro") | F9: =SUMIFS(Lançamentos!$K$8:$K$49,Lançamentos!$B$8:$B$49,$B9,Lançamentos!$L$8:$L$49,"Pix") | G9: =SUMIFS(Lançamentos!$K$8:$K$49,Lançamentos!$B$8:$B$49,$B9,Lançamentos!$L$8:$L$49,"Cartão Crédito") | H9: =SUMIFS(Lançamentos!$K$8:$K$49,Lançamentos!$B$8:$B$49,$B9,Lançamentos!$L$8:$L$49,"Cartão Débito") | I9: =SUM($E9:$H9) | J9: =IF($I$16=0,0,$I9/$I$16) | K9: =IF($D9=0,0,$I9/$D9)
B10: 46260 | C10: =CHOOSE(WEEKDAY($B10),"Domingo","Segunda","Terça","Quarta","Quinta","Sexta","Sábado") | D10: =COUNTIF(Lançamentos!$B$8:$B$49,$B10) | E10: =SUMIFS(Lançamentos!$K$8:$K$49,Lançamentos!$B$8:$B$49,$B10,Lançamentos!$L$8:$L$49,"Dinheiro") | F10: =SUMIFS(Lançamentos!$K$8:$K$49,Lançamentos!$B$8:$B$49,$B10,Lançamentos!$L$8:$L$49,"Pix") | G10: =SUMIFS(Lançamentos!$K$8:$K$49,Lançamentos!$B$8:$B$49,$B10,Lançamentos!$L$8:$L$49,"Cartão Crédito") | H10: =SUMIFS(Lançamentos!$K$8:$K$49,Lançamentos!$B$8:$B$49,$B10,Lançamentos!$L$8:$L$49,"Cartão Débito") | I10: =SUM($E10:$H10) | J10: =IF($I$16=0,0,$I10/$I$16) | K10: =IF($D10=0,0,$I10/$D10)
B11: 46261 | C11: =CHOOSE(WEEKDAY($B11),"Domingo","Segunda","Terça","Quarta","Quinta","Sexta","Sábado") | D11: =COUNTIF(Lançamentos!$B$8:$B$49,$B11) | E11: =SUMIFS(Lançamentos!$K$8:$K$49,Lançamentos!$B$8:$B$49,$B11,Lançamentos!$L$8:$L$49,"Dinheiro") | F11: =SUMIFS(Lançamentos!$K$8:$K$49,Lançamentos!$B$8:$B$49,$B11,Lançamentos!$L$8:$L$49,"Pix") | G11: =SUMIFS(Lançamentos!$K$8:$K$49,Lançamentos!$B$8:$B$49,$B11,Lançamentos!$L$8:$L$49,"Cartão Crédito") | H11: =SUMIFS(Lançamentos!$K$8:$K$49,Lançamentos!$B$8:$B$49,$B11,Lançamentos!$L$8:$L$49,"Cartão Débito") | I11: =SUM($E11:$H11) | J11: =IF($I$16=0,0,$I11/$I$16) | K11: =IF($D11=0,0,$I11/$D11)
B12: 46262 | C12: =CHOOSE(WEEKDAY($B12),"Domingo","Segunda","Terça","Quarta","Quinta","Sexta","Sábado") | D12: =COUNTIF(Lançamentos!$B$8:$B$49,$B12) | E12: =SUMIFS(Lançamentos!$K$8:$K$49,Lançamentos!$B$8:$B$49,$B12,Lançamentos!$L$8:$L$49,"Dinheiro") | F12: =SUMIFS(Lançamentos!$K$8:$K$49,Lançamentos!$B$8:$B$49,$B12,Lançamentos!$L$8:$L$49,"Pix") | G12: =SUMIFS(Lançamentos!$K$8:$K$49,Lançamentos!$B$8:$B$49,$B12,Lançamentos!$L$8:$L$49,"Cartão Crédito") | H12: =SUMIFS(Lançamentos!$K$8:$K$49,Lançamentos!$B$8:$B$49,$B12,Lançamentos!$L$8:$L$49,"Cartão Débito") | I12: =SUM($E12:$H12) | J12: =IF($I$16=0,0,$I12/$I$16) | K12: =IF($D12=0,0,$I12/$D12)
B13: 46265 | C13: =CHOOSE(WEEKDAY($B13),"Domingo","Segunda","Terça","Quarta","Quinta","Sexta","Sábado") | D13: =COUNTIF(Lançamentos!$B$8:$B$49,$B13) | E13: =SUMIFS(Lançamentos!$K$8:$K$49,Lançamentos!$B$8:$B$49,$B13,Lançamentos!$L$8:$L$49,"Dinheiro") | F13: =SUMIFS(Lançamentos!$K$8:$K$49,Lançamentos!$B$8:$B$49,$B13,Lançamentos!$L$8:$L$49,"Pix") | G13: =SUMIFS(Lançamentos!$K$8:$K$49,Lançamentos!$B$8:$B$49,$B13,Lançamentos!$L$8:$L$49,"Cartão Crédito") | H13: =SUMIFS(Lançamentos!$K$8:$K$49,Lançamentos!$B$8:$B$49,$B13,Lançamentos!$L$8:$L$49,"Cartão Débito") | I13: =SUM($E13:$H13) | J13: =IF($I$16=0,0,$I13/$I$16) | K13: =IF($D13=0,0,$I13/$D13)
B14: 46266 | C14: =CHOOSE(WEEKDAY($B14),"Domingo","Segunda","Terça","Quarta","Quinta","Sexta","Sábado") | D14: =COUNTIF(Lançamentos!$B$8:$B$49,$B14) | E14: =SUMIFS(Lançamentos!$K$8:$K$49,Lançamentos!$B$8:$B$49,$B14,Lançamentos!$L$8:$L$49,"Dinheiro") | F14: =SUMIFS(Lançamentos!$K$8:$K$49,Lançamentos!$B$8:$B$49,$B14,Lançamentos!$L$8:$L$49,"Pix") | G14: =SUMIFS(Lançamentos!$K$8:$K$49,Lançamentos!$B$8:$B$49,$B14,Lançamentos!$L$8:$L$49,"Cartão Crédito") | H14: =SUMIFS(Lançamentos!$K$8:$K$49,Lançamentos!$B$8:$B$49,$B14,Lançamentos!$L$8:$L$49,"Cartão Débito") | I14: =SUM($E14:$H14) | J14: =IF($I$16=0,0,$I14/$I$16) | K14: =IF($D14=0,0,$I14/$D14)
B15: 46267 | C15: =CHOOSE(WEEKDAY($B15),"Domingo","Segunda","Terça","Quarta","Quinta","Sexta","Sábado") | D15: =COUNTIF(Lançamentos!$B$8:$B$49,$B15) | E15: =SUMIFS(Lançamentos!$K$8:$K$49,Lançamentos!$B$8:$B$49,$B15,Lançamentos!$L$8:$L$49,"Dinheiro") | F15: =SUMIFS(Lançamentos!$K$8:$K$49,Lançamentos!$B$8:$B$49,$B15,Lançamentos!$L$8:$L$49,"Pix") | G15: =SUMIFS(Lançamentos!$K$8:$K$49,Lançamentos!$B$8:$B$49,$B15,Lançamentos!$L$8:$L$49,"Cartão Crédito") | H15: =SUMIFS(Lançamentos!$K$8:$K$49,Lançamentos!$B$8:$B$49,$B15,Lançamentos!$L$8:$L$49,"Cartão Débito") | I15: =SUM($E15:$H15) | J15: =IF($I$16=0,0,$I15/$I$16) | K15: =IF($D15=0,0,$I15/$D15)
B16: TOTAL | C16: 8 dias | D16: =SUM(D8:D15) | E16: =SUM(E8:E15) | F16: =SUM(F8:F15) | G16: =SUM(G8:G15) | H16: =SUM(H8:H15) | I16: =SUM(I8:I15) | J16: =IF($I$16=0,0,SUM($J8:$J15)) | K16: =IF($D$16=0,0,$I$16/$D$16)
B17: Todos os valores são calculados diretamente da aba Lançamentos; ao incluir novos atendimentos, atualize a fórmula/intervalo e os totais se ajustam.
B19: Matriz Diária — Quantidade de Atendimentos por Forma
B20: Data | C20: Dinheiro | D20: Pix | E20: Cartão Crédito | F20: Cartão Débito | G20: Total | H20: Forma predominante
B21: =$B8 | C21: =COUNTIFS(Lançamentos!$B$8:$B$49,$B21,Lançamentos!$L$8:$L$49,"Dinheiro") | D21: =COUNTIFS(Lançamentos!$B$8:$B$49,$B21,Lançamentos!$L$8:$L$49,"Pix") | E21: =COUNTIFS(Lançamentos!$B$8:$B$49,$B21,Lançamentos!$L$8:$L$49,"Cartão Crédito") | F21: =COUNTIFS(Lançamentos!$B$8:$B$49,$B21,Lançamentos!$L$8:$L$49,"Cartão Débito") | G21: =SUM($C21:$F21) | H21: =INDEX($C$20:$F$20,1,MATCH(MAX($C21:$F21),$C21:$F21,0))
B22: =$B9 | C22: =COUNTIFS(Lançamentos!$B$8:$B$49,$B22,Lançamentos!$L$8:$L$49,"Dinheiro") | D22: =COUNTIFS(Lançamentos!$B$8:$B$49,$B22,Lançamentos!$L$8:$L$49,"Pix") | E22: =COUNTIFS(Lançamentos!$B$8:$B$49,$B22,Lançamentos!$L$8:$L$49,"Cartão Crédito") | F22: =COUNTIFS(Lançamentos!$B$8:$B$49,$B22,Lançamentos!$L$8:$L$49,"Cartão Débito") | G22: =SUM($C22:$F22) | H22: =INDEX($C$20:$F$20,1,MATCH(MAX($C22:$F22),$C22:$F22,0))
B23: =$B10 | C23: =COUNTIFS(Lançamentos!$B$8:$B$49,$B23,Lançamentos!$L$8:$L$49,"Dinheiro") | D23: =COUNTIFS(Lançamentos!$B$8:$B$49,$B23,Lançamentos!$L$8:$L$49,"Pix") | E23: =COUNTIFS(Lançamentos!$B$8:$B$49,$B23,Lançamentos!$L$8:$L$49,"Cartão Crédito") | F23: =COUNTIFS(Lançamentos!$B$8:$B$49,$B23,Lançamentos!$L$8:$L$49,"Cartão Débito") | G23: =SUM($C23:$F23) | H23: =INDEX($C$20:$F$20,1,MATCH(MAX($C23:$F23),$C23:$F23,0))
B24: =$B11 | C24: =COUNTIFS(Lançamentos!$B$8:$B$49,$B24,Lançamentos!$L$8:$L$49,"Dinheiro") | D24: =COUNTIFS(Lançamentos!$B$8:$B$49,$B24,Lançamentos!$L$8:$L$49,"Pix") | E24: =COUNTIFS(Lançamentos!$B$8:$B$49,$B24,Lançamentos!$L$8:$L$49,"Cartão Crédito") | F24: =COUNTIFS(Lançamentos!$B$8:$B$49,$B24,Lançamentos!$L$8:$L$49,"Cartão Débito") | G24: =SUM($C24:$F24) | H24: =INDEX($C$20:$F$20,1,MATCH(MAX($C24:$F24),$C24:$F24,0))
B25: =$B12 | C25: =COUNTIFS(Lançamentos!$B$8:$B$49,$B25,Lançamentos!$L$8:$L$49,"Dinheiro") | D25: =COUNTIFS(Lançamentos!$B$8:$B$49,$B25,Lançamentos!$L$8:$L$49,"Pix") | E25: =COUNTIFS(Lançamentos!$B$8:$B$49,$B25,Lançamentos!$L$8:$L$49,"Cartão Crédito") | F25: =COUNTIFS(Lançamentos!$B$8:$B$49,$B25,Lançamentos!$L$8:$L$49,"Cartão Débito") | G25: =SUM($C25:$F25) | H25: =INDEX($C$20:$F$20,1,MATCH(MAX($C25:$F25),$C25:$F25,0))
B26: =$B13 | C26: =COUNTIFS(Lançamentos!$B$8:$B$49,$B26,Lançamentos!$L$8:$L$49,"Dinheiro") | D26: =COUNTIFS(Lançamentos!$B$8:$B$49,$B26,Lançamentos!$L$8:$L$49,"Pix") | E26: =COUNTIFS(Lançamentos!$B$8:$B$49,$B26,Lançamentos!$L$8:$L$49,"Cartão Crédito") | F26: =COUNTIFS(Lançamentos!$B$8:$B$49,$B26,Lançamentos!$L$8:$L$49,"Cartão Débito") | G26: =SUM($C26:$F26) | H26: =INDEX($C$20:$F$20,1,MATCH(MAX($C26:$F26),$C26:$F26,0))
B27: =$B14 | C27: =COUNTIFS(Lançamentos!$B$8:$B$49,$B27,Lançamentos!$L$8:$L$49,"Dinheiro") | D27: =COUNTIFS(Lançamentos!$B$8:$B$49,$B27,Lançamentos!$L$8:$L$49,"Pix") | E27: =COUNTIFS(Lançamentos!$B$8:$B$49,$B27,Lançamentos!$L$8:$L$49,"Cartão Crédito") | F27: =COUNTIFS(Lançamentos!$B$8:$B$49,$B27,Lançamentos!$L$8:$L$49,"Cartão Débito") | G27: =SUM($C27:$F27) | H27: =INDEX($C$20:$F$20,1,MATCH(MAX($C27:$F27),$C27:$F27,0))
B28: =$B15 | C28: =COUNTIFS(Lançamentos!$B$8:$B$49,$B28,Lançamentos!$L$8:$L$49,"Dinheiro") | D28: =COUNTIFS(Lançamentos!$B$8:$B$49,$B28,Lançamentos!$L$8:$L$49,"Pix") | E28: =COUNTIFS(Lançamentos!$B$8:$B$49,$B28,Lançamentos!$L$8:$L$49,"Cartão Crédito") | F28: =COUNTIFS(Lançamentos!$B$8:$B$49,$B28,Lançamentos!$L$8:$L$49,"Cartão Débito") | G28: =SUM($C28:$F28) | H28: =INDEX($C$20:$F$20,1,MATCH(MAX($C28:$F28),$C28:$F28,0))
B29: TOTAL | C29: =SUM(C21:C28) | D29: =SUM(D21:D28) | E29: =SUM(E21:E28) | F29: =SUM(F21:F28) | G29: =SUM(G21:G28) | H29: =INDEX($C$20:$F$20,1,MATCH(MAX($C29:$F29),$C29:$F29,0))
B32: Resumo do Período por Forma de Pagamento
B33: Forma de pagamento | C33: Atendimentos | D33: Valor total (R$) | E33: % do valor | F33: Ticket médio | G33: Melhor dia | H33: Valor do melhor dia
B34: Dinheiro | C34: =COUNTIF(Lançamentos!$L$8:$L$49,$B34) | D34: =SUMIF(Lançamentos!$L$8:$L$49,$B34,Lançamentos!$K$8:$K$49) | E34: =IF($D$38=0,0,$D34/$D$38) | F34: =IF($C34=0,0,$D34/$C34) | G34: =TEXT(INDEX($B$8:$B$15,MATCH(MAX($E$8:$E$15),$E$8:$E$15,0)),"DD/MM") | H34: =MAX($E$8:$E$15)
B35: Pix | C35: =COUNTIF(Lançamentos!$L$8:$L$49,$B35) | D35: =SUMIF(Lançamentos!$L$8:$L$49,$B35,Lançamentos!$K$8:$K$49) | E35: =IF($D$38=0,0,$D35/$D$38) | F35: =IF($C35=0,0,$D35/$C35) | G35: =TEXT(INDEX($B$8:$B$15,MATCH(MAX($F$8:$F$15),$F$8:$F$15,0)),"DD/MM") | H35: =MAX($F$8:$F$15)
B36: Cartão Crédito | C36: =COUNTIF(Lançamentos!$L$8:$L$49,$B36) | D36: =SUMIF(Lançamentos!$L$8:$L$49,$B36,Lançamentos!$K$8:$K$49) | E36: =IF($D$38=0,0,$D36/$D$38) | F36: =IF($C36=0,0,$D36/$C36) | G36: =TEXT(INDEX($B$8:$B$15,MATCH(MAX($G$8:$G$15),$G$8:$G$15,0)),"DD/MM") | H36: =MAX($G$8:$G$15)
B37: Cartão Débito | C37: =COUNTIF(Lançamentos!$L$8:$L$49,$B37) | D37: =SUMIF(Lançamentos!$L$8:$L$49,$B37,Lançamentos!$K$8:$K$49) | E37: =IF($D$38=0,0,$D37/$D$38) | F37: =IF($C37=0,0,$D37/$C37) | G37: =TEXT(INDEX($B$8:$B$15,MATCH(MAX($H$8:$H$15),$H$8:$H$15,0)),"DD/MM") | H37: =MAX($H$8:$H$15)
B38: TOTAL | C38: =SUM($C34:$C37) | D38: =SUM($D34:$D37) | E38: =IF($D$38=0,0,SUM($E34:$E37)) | F38: =IF($C$38=0,0,$D$38/$C$38) | G38: — | H38: =MAX($H34:$H37)
B39: Conferência: o total desta tabela deve ser igual ao TOTAL da matriz diária e ao total da aba Lançamentos.

Sheet Cartões por Data
B1: Cartões — Detalhe por Data e Bandeira
B2: SOFT Clínica de Oftalmologia | Período: 24/08/2026 a 02/09/2026 | Valores em Reais (R$)
B3: Abre a forma de pagamento Cartão por bandeira e por dia, separando crédito e débito.
B6: Valor por Dia e Bandeira (R$)
B7: Data | C7: Visa | D7: Mastercard | E7: Elo | F7: Total cartões | G7: Crédito | H7: Débito
B8: 46258 | C8: =SUMIFS(Lançamentos!$K$8:$K$49,Lançamentos!$B$8:$B$49,$B8,Lançamentos!$H$8:$H$49,"Visa") | D8: =SUMIFS(Lançamentos!$K$8:$K$49,Lançamentos!$B$8:$B$49,$B8,Lançamentos!$H$8:$H$49,"Mastercard") | E8: =SUMIFS(Lançamentos!$K$8:$K$49,Lançamentos!$B$8:$B$49,$B8,Lançamentos!$H$8:$H$49,"Elo") | F8: =SUM($C8:$E8) | G8: =SUMIFS(Lançamentos!$K$8:$K$49,Lançamentos!$B$8:$B$49,$B8,Lançamentos!$L$8:$L$49,"Cartão Crédito") | H8: =SUMIFS(Lançamentos!$K$8:$K$49,Lançamentos!$B$8:$B$49,$B8,Lançamentos!$L$8:$L$49,"Cartão Débito")
B9: 46259 | C9: =SUMIFS(Lançamentos!$K$8:$K$49,Lançamentos!$B$8:$B$49,$B9,Lançamentos!$H$8:$H$49,"Visa") | D9: =SUMIFS(Lançamentos!$K$8:$K$49,Lançamentos!$B$8:$B$49,$B9,Lançamentos!$H$8:$H$49,"Mastercard") | E9: =SUMIFS(Lançamentos!$K$8:$K$49,Lançamentos!$B$8:$B$49,$B9,Lançamentos!$H$8:$H$49,"Elo") | F9: =SUM($C9:$E9) | G9: =SUMIFS(Lançamentos!$K$8:$K$49,Lançamentos!$B$8:$B$49,$B9,Lançamentos!$L$8:$L$49,"Cartão Crédito") | H9: =SUMIFS(Lançamentos!$K$8:$K$49,Lançamentos!$B$8:$B$49,$B9,Lançamentos!$L$8:$L$49,"Cartão Débito")
B10: 46260 | C10: =SUMIFS(Lançamentos!$K$8:$K$49,Lançamentos!$B$8:$B$49,$B10,Lançamentos!$H$8:$H$49,"Visa") | D10: =SUMIFS(Lançamentos!$K$8:$K$49,Lançamentos!$B$8:$B$49,$B10,Lançamentos!$H$8:$H$49,"Mastercard") | E10: =SUMIFS(Lançamentos!$K$8:$K$49,Lançamentos!$B$8:$B$49,$B10,Lançamentos!$H$8:$H$49,"Elo") | F10: =SUM($C10:$E10) | G10: =SUMIFS(Lançamentos!$K$8:$K$49,Lançamentos!$B$8:$B$49,$B10,Lançamentos!$L$8:$L$49,"Cartão Crédito") | H10: =SUMIFS(Lançamentos!$K$8:$K$49,Lançamentos!$B$8:$B$49,$B10,Lançamentos!$L$8:$L$49,"Cartão Débito")
B11: 46261 | C11: =SUMIFS(Lançamentos!$K$8:$K$49,Lançamentos!$B$8:$B$49,$B11,Lançamentos!$H$8:$H$49,"Visa") | D11: =SUMIFS(Lançamentos!$K$8:$K$49,Lançamentos!$B$8:$B$49,$B11,Lançamentos!$H$8:$H$49,"Mastercard") | E11: =SUMIFS(Lançamentos!$K$8:$K$49,Lançamentos!$B$8:$B$49,$B11,Lançamentos!$H$8:$H$49,"Elo") | F11: =SUM($C11:$E11) | G11: =SUMIFS(Lançamentos!$K$8:$K$49,Lançamentos!$B$8:$B$49,$B11,Lançamentos!$L$8:$L$49,"Cartão Crédito") | H11: =SUMIFS(Lançamentos!$K$8:$K$49,Lançamentos!$B$8:$B$49,$B11,Lançamentos!$L$8:$L$49,"Cartão Débito")
B12: 46262 | C12: =SUMIFS(Lançamentos!$K$8:$K$49,Lançamentos!$B$8:$B$49,$B12,Lançamentos!$H$8:$H$49,"Visa") | D12: =SUMIFS(Lançamentos!$K$8:$K$49,Lançamentos!$B$8:$B$49,$B12,Lançamentos!$H$8:$H$49,"Mastercard") | E12: =SUMIFS(Lançamentos!$K$8:$K$49,Lançamentos!$B$8:$B$49,$B12,Lançamentos!$H$8:$H$49,"Elo") | F12: =SUM($C12:$E12) | G12: =SUMIFS(Lançamentos!$K$8:$K$49,Lançamentos!$B$8:$B$49,$B12,Lançamentos!$L$8:$L$49,"Cartão Crédito") | H12: =SUMIFS(Lançamentos!$K$8:$K$49,Lançamentos!$B$8:$B$49,$B12,Lançamentos!$L$8:$L$49,"Cartão Débito")
B13: 46265 | C13: =SUMIFS(Lançamentos!$K$8:$K$49,Lançamentos!$B$8:$B$49,$B13,Lançamentos!$H$8:$H$49,"Visa") | D13: =SUMIFS(Lançamentos!$K$8:$K$49,Lançamentos!$B$8:$B$49,$B13,Lançamentos!$H$8:$H$49,"Mastercard") | E13: =SUMIFS(Lançamentos!$K$8:$K$49,Lançamentos!$B$8:$B$49,$B13,Lançamentos!$H$8:$H$49,"Elo") | F13: =SUM($C13:$E13) | G13: =SUMIFS(Lançamentos!$K$8:$K$49,Lançamentos!$B$8:$B$49,$B13,Lançamentos!$L$8:$L$49,"Cartão Crédito") | H13: =SUMIFS(Lançamentos!$K$8:$K$49,Lançamentos!$B$8:$B$49,$B13,Lançamentos!$L$8:$L$49,"Cartão Débito")
B14: 46266 | C14: =SUMIFS(Lançamentos!$K$8:$K$49,Lançamentos!$B$8:$B$49,$B14,Lançamentos!$H$8:$H$49,"Visa") | D14: =SUMIFS(Lançamentos!$K$8:$K$49,Lançamentos!$B$8:$B$49,$B14,Lançamentos!$H$8:$H$49,"Mastercard") | E14: =SUMIFS(Lançamentos!$K$8:$K$49,Lançamentos!$B$8:$B$49,$B14,Lançamentos!$H$8:$H$49,"Elo") | F14: =SUM($C14:$E14) | G14: =SUMIFS(Lançamentos!$K$8:$K$49,Lançamentos!$B$8:$B$49,$B14,Lançamentos!$L$8:$L$49,"Cartão Crédito") | H14: =SUMIFS(Lançamentos!$K$8:$K$49,Lançamentos!$B$8:$B$49,$B14,Lançamentos!$L$8:$L$49,"Cartão Débito")
B15: 46267 | C15: =SUMIFS(Lançamentos!$K$8:$K$49,Lançamentos!$B$8:$B$49,$B15,Lançamentos!$H$8:$H$49,"Visa") | D15: =SUMIFS(Lançamentos!$K$8:$K$49,Lançamentos!$B$8:$B$49,$B15,Lançamentos!$H$8:$H$49,"Mastercard") | E15: =SUMIFS(Lançamentos!$K$8:$K$49,Lançamentos!$B$8:$B$49,$B15,Lançamentos!$H$8:$H$49,"Elo") | F15: =SUM($C15:$E15) | G15: =SUMIFS(Lançamentos!$K$8:$K$49,Lançamentos!$B$8:$B$49,$B15,Lançamentos!$L$8:$L$49,"Cartão Crédito") | H15: =SUMIFS(Lançamentos!$K$8:$K$49,Lançamentos!$B$8:$B$49,$B15,Lançamentos!$L$8:$L$49,"Cartão Débito")
B16: TOTAL | C16: =SUM(C8:C15) | D16: =SUM(D8:D15) | E16: =SUM(E8:E15) | F16: =SUM(F8:F15) | G16: =SUM(G8:G15) | H16: =SUM(H8:H15)
B19: Resumo por Bandeira no Período
B20: Bandeira | C20: Transações | D20: Valor total (R$) | E20: % dos cartões | F20: Ticket médio
B21: Visa | C21: =COUNTIF(Lançamentos!$H$8:$H$49,$B21) | D21: =SUMIF(Lançamentos!$H$8:$H$49,$B21,Lançamentos!$K$8:$K$49) | E21: =IF($D$24=0,0,$D21/$D$24) | F21: =IF($C21=0,0,$D21/$C21)
B22: Mastercard | C22: =COUNTIF(Lançamentos!$H$8:$H$49,$B22) | D22: =SUMIF(Lançamentos!$H$8:$H$49,$B22,Lançamentos!$K$8:$K$49) | E22: =IF($D$24=0,0,$D22/$D$24) | F22: =IF($C22=0,0,$D22/$C22)
B23: Elo | C23: =COUNTIF(Lançamentos!$H$8:$H$49,$B23) | D23: =SUMIF(Lançamentos!$H$8:$H$49,$B23,Lançamentos!$K$8:$K$49) | E23: =IF($D$24=0,0,$D23/$D$24) | F23: =IF($C23=0,0,$D23/$C23)
B24: TOTAL | C24: =SUM($C21:$C23) | D24: =SUM($D21:$D23) | E24: =IF($D$24=0,0,SUM($E21:$E23)) | F24: =IF($C$24=0,0,$D$24/$C$24)
B25: O total de cartões aqui corresponde à soma de Cartão Crédito + Cartão Débito da aba Data x Forma Pagto.

Sheet Lançamentos
B1: Lançamentos de Atendimentos
B2: SOFT Clínica de Oftalmologia | Período: 24/08/2026 a 02/09/2026 | 42 atendimentos | Valores em Reais (R$)
B3: Base de dados do relatório: cada linha é um atendimento com data, profissional, procedimento, forma de pagamento e valor.
B6: Todos os Atendimentos do Período
B7: Data | C7: Hora | D7: Paciente | E7: Médico | F7: Procedimento | G7: Forma de pagamento | H7: Bandeira | I7: Crédito/Débito | J7: Parcelas | K7: Valor (R$) | L7: Forma detalhada
B8: 46258 | C8: 08:15 | D8: Mariana Alves de Souza | E8: Nedy Neves | F8: Consulta Particular | G8: Pix | H8: - | I8: - | J8: - | K8: 250 | L8: =IF($G8="Cartão",$G8&" "&$I8,$G8)
B9: 46258 | C9: 09:00 | D9: José Ricardo Pinto | E9: Marcela Souza | F9: Lente de Contato | G9: Cartão | H9: Visa | I9: Crédito | J9: 3x | K9: 650 | L9: =IF($G9="Cartão",$G9&" "&$I9,$G9)
B10: 46258 | C10: 09:40 | D10: Letícia Campos | E10: Villane Dias | F10: Teste Ortóptico | G10: Dinheiro | H10: - | I10: - | J10: - | K10: 95 | L10: =IF($G10="Cartão",$G10&" "&$I10,$G10)
B11: 46258 | C11: 10:20 | D11: Paulo Henrique Braga | E11: Juliana | F11: Exames | G11: Cartão | H11: Elo | I11: Débito | J11: 1x | K11: 310 | L11: =IF($G11="Cartão",$G11&" "&$I11,$G11)
B12: 46258 | C12: 14:00 | D12: Ana Carolina Freitas | E12: Nedy Neves | F12: Consulta Particular | G12: Cartão | H12: Mastercard | I12: Crédito | J12: 2x | K12: 250 | L12: =IF($G12="Cartão",$G12&" "&$I12,$G12)
B13: 46259 | C13: 08:20 | D13: Roberto Menezes Lima | E13: Villane Dias | F13: Teste Ortóptico | G13: Pix | H13: - | I13: - | J13: - | K13: 95 | L13: =IF($G13="Cartão",$G13&" "&$I13,$G13)
B14: 46259 | C14: 09:10 | D14: Fernanda Duarte | E14: Marcela Souza | F14: Lente de Contato | G14: Dinheiro | H14: - | I14: - | J14: - | K14: 480 | L14: =IF($G14="Cartão",$G14&" "&$I14,$G14)
B15: 46259 | C15: 10:00 | D15: Carlos Eduardo Nunes | E15: Juliana | F15: Exames | G15: Pix | H15: - | I15: - | J15: - | K15: 310 | L15: =IF($G15="Cartão",$G15&" "&$I15,$G15)
B16: 46259 | C16: 14:30 | D16: Patrícia Gomes | E16: Nedy Neves | F16: Outros | G16: Cartão | H16: Elo | I16: Crédito | J16: 1x | K16: 180 | L16: =IF($G16="Cartão",$G16&" "&$I16,$G16)
B17: 46259 | C17: 15:10 | D17: Eduardo Sampaio | E17: Villane Dias | F17: Consulta Particular | G17: Cartão | H17: Visa | I17: Débito | J17: 1x | K17: 250 | L17: =IF($G17="Cartão",$G17&" "&$I17,$G17)
B18: 46260 | C18: 08:30 | D18: Juliana Martins Reis | E18: Marcela Souza | F18: Exames | G18: Dinheiro | H18: - | I18: - | J18: - | K18: 310 | L18: =IF($G18="Cartão",$G18&" "&$I18,$G18)
B19: 46260 | C19: 09:20 | D19: Silvana Prado | E19: Juliana | F19: Lente de Contato | G19: Pix | H19: - | I19: - | J19: - | K19: 480 | L19: =IF($G19="Cartão",$G19&" "&$I19,$G19)
... B49: 46267 | C49: 15:00 | D49: Elaine Cardoso | E49: Villane Dias | F49: Teste Ortóptico | G49: Cartão | H49: Mastercard | I49: Crédito | J49: 1x | K49: 95 | L49: =IF($G49="Cartão",$G49&" "&$I49,$G49)
B50: Total do período (42 atendimentos) | K50: =SUM(K8:K49)
B52: Nota: a coluna "Forma detalhada" separa automaticamente cartão de crédito e cartão de débito; é ela que alimenta os cruzamentos por data e forma de pagamento.
