Workbook

Sheet Resumo do Dia
B1: Relatório Diário de Atendimentos
B2: SOFT Clínica de Oftalmologia | Data de referência: 02/09/2026 | Valores em Reais (R$)
B3: Visão consolidada do movimento do dia: indicadores gerais, recebimentos por forma de pagamento e por procedimento.
B6: Indicadores do Dia
B7: Indicador | C7: Valor | D7: Observação
B8: Total de atendimentos | C8: =COUNTA(Atendimentos!B8:B19) -> 12 | D8: Registros lançados no dia
B9: Faturamento total | C9: =Atendimentos!J20 -> 3570 | D9: Soma de todos os atendimentos
B10: Ticket médio | C10: =IFERROR(C9/C8,0) -> 297.5 | D10: Faturamento dividido pelos atendimentos
B11: Maior atendimento | C11: =MAX(Atendimentos!J8:J19) -> 650 | D11: Valor individual mais alto
B12: Menor atendimento | C12: =MIN(Atendimentos!J8:J19) -> 95 | D12: Valor individual mais baixo
B13: Médicos em atendimento | C13: =COUNTIF(C26:C29,">0") -> 4 | D13: Profissionais com pelo menos um registro
B16: Recebimentos por Forma de Pagamento
B17: Categoria | C17: Atendimentos | D17: Valor recebido | E17: % do total | F17: Ticket médio
B18: Dinheiro | C18: =COUNTIF(Atendimentos!$F$8:$F$19,$B18) -> 3 | D18: =SUMIF(Atendimentos!$F$8:$F$19,$B18,Atendimentos!$J$8:$J$19) -> 795 | E18: =IFERROR(D18/$D$21,0) -> 0.22268908 | F18: =IFERROR(D18/C18,0) -> 265
B19: Pix | C19: =COUNTIF(Atendimentos!$F$8:$F$19,$B19) -> 4 | D19: =SUMIF(Atendimentos!$F$8:$F$19,$B19,Atendimentos!$J$8:$J$19) -> 1135 | E19: =IFERROR(D19/$D$21,0) -> 0.31792717 | F19: =IFERROR(D19/C19,0) -> 283.75
B20: Cartão | C20: =COUNTIF(Atendimentos!$F$8:$F$19,$B20) -> 5 | D20: =SUMIF(Atendimentos!$F$8:$F$19,$B20,Atendimentos!$J$8:$J$19) -> 1640 | E20: =IFERROR(D20/$D$21,0) -> 0.45938375 | F20: =IFERROR(D20/C20,0) -> 328
B21: Total | C21: =SUM(C18:C20) -> 12 | D21: =SUM(D18:D20) -> 3570 | E21: =IFERROR(SUM(E18:E20),0) -> 1 | F21: =IFERROR(D21/C21,0) -> 297.5
B24: Produção por Médico
B25: Categoria | C25: Atendimentos | D25: Valor recebido | E25: % do total | F25: Ticket médio
B26: Nedy Neves | C26: =COUNTIF(Atendimentos!$D$8:$D$19,$B26) -> 3 | D26: =SUMIF(Atendimentos!$D$8:$D$19,$B26,Atendimentos!$J$8:$J$19) -> 680 | E26: =IFERROR(D26/$D$30,0) -> 0.19047619 | F26: =IFERROR(D26/C26,0) -> 226.66667
B27: Marcela Souza | C27: =COUNTIF(Atendimentos!$D$8:$D$19,$B27) -> 3 | D27: =SUMIF(Atendimentos!$D$8:$D$19,$B27,Atendimentos!$J$8:$J$19) -> 1350 | E27: =IFERROR(D27/$D$30,0) -> 0.37815126 | F27: =IFERROR(D27/C27,0) -> 450
B28: Villane Dias | C28: =COUNTIF(Atendimentos!$D$8:$D$19,$B28) -> 3 | D28: =SUMIF(Atendimentos!$D$8:$D$19,$B28,Atendimentos!$J$8:$J$19) -> 440 | E28: =IFERROR(D28/$D$30,0) -> 0.1232493 | F28: =IFERROR(D28/C28,0) -> 146.66667
B29: Juliana | C29: =COUNTIF(Atendimentos!$D$8:$D$19,$B29) -> 3 | D29: =SUMIF(Atendimentos!$D$8:$D$19,$B29,Atendimentos!$J$8:$J$19) -> 1100 | E29: =IFERROR(D29/$D$30,0) -> 0.30812325 | F29: =IFERROR(D29/C29,0) -> 366.66667
B30: Total | C30: =SUM(C26:C29) -> 12 | D30: =SUM(D26:D29) -> 3570 | E30: =IFERROR(SUM(E26:E29),0) -> 1 | F30: =IFERROR(D30/C30,0) -> 297.5
B33: Recebimentos por Procedimento
B34: Categoria | C34: Atendimentos | D34: Valor recebido | E34: % do total | F34: Ticket médio
B35: Consulta Particular | C35: =COUNTIF(Atendimentos!$E$8:$E$19,$B35) -> 3 | D35: =SUMIF(Atendimentos!$E$8:$E$19,$B35,Atendimentos!$J$8:$J$19) -> 750 | E35: =IFERROR(D35/$D$40,0) -> 0.21008403 | F35: =IFERROR(D35/C35,0) -> 250
B36: Lente de Contato | C36: =COUNTIF(Atendimentos!$E$8:$E$19,$B36) -> 3 | D36: =SUMIF(Atendimentos!$E$8:$E$19,$B36,Atendimentos!$J$8:$J$19) -> 1610 | E36: =IFERROR(D36/$D$40,0) -> 0.45098039 | F36: =IFERROR(D36/C36,0) -> 536.66667
B37: Teste Ortóptico | C37: =COUNTIF(Atendimentos!$E$8:$E$19,$B37) -> 2 | D37: =SUMIF(Atendimentos!$E$8:$E$19,$B37,Atendimentos!$J$8:$J$19) -> 190 | E37: =IFERROR(D37/$D$40,0) -> 0.053221289 | F37: =IFERROR(D37/C37,0) -> 95
B38: Exames | C38: =COUNTIF(Atendimentos!$E$8:$E$19,$B38) -> 3 | D38: =SUMIF(Atendimentos!$E$8:$E$19,$B38,Atendimentos!$J$8:$J$19) -> 840 | E38: =IFERROR(D38/$D$40,0) -> 0.23529412 | F38: =IFERROR(D38/C38,0) -> 280
B39: Outros | C39: =COUNTIF(Atendimentos!$E$8:$E$19,$B39) -> 1 | D39: =SUMIF(Atendimentos!$E$8:$E$19,$B39,Atendimentos!$J$8:$J$19) -> 180 | E39: =IFERROR(D39/$D$40,0) -> 0.050420168 | F39: =IFERROR(D39/C39,0) -> 180
B40: Total | C40: =SUM(C35:C39) -> 12 | D40: =SUM(D35:D39) -> 3570 | E40: =IFERROR(SUM(E35:E39),0) -> 1 | F40: =IFERROR(D40/C40,0) -> 297.5
B42: Observações: (1) Cartão inclui crédito e débito, detalhado na aba Cartões. (2) O valor e o vencimento de cada parcela estão na aba Parcelas do Cartão. (3) Valores conferidos com os lançamentos da aba Atendimentos.

Sheet Atendimentos
B1: Lançamentos do Dia
B2: SOFT Clínica de Oftalmologia | Data: 02/09/2026 | 12 atendimentos | Valores em Reais (R$)
B3: Detalhamento de cada atendimento: horário, paciente, médico, procedimento, forma de pagamento e valor recebido.
B6: Atendimentos Registrados em 02/09/2026
B7: Hora | C7: Paciente | D7: Médico | E7: Procedimento | F7: Forma de pagamento | G7: Bandeira | H7: Crédito/Débito | I7: Parcelas | J7: Valor (R$)
B8: 08:15 | C8: Mariana Alves de Souza | D8: Nedy Neves | E8: Consulta Particular | F8: Pix | G8: - | H8: - | I8: - | J8: 250
B9: 08:50 | C9: José Ricardo Pinto | D9: Marcela Souza | E9: Lente de Contato | F9: Cartão | G9: Visa | H9: Crédito | I9: 3x | J9: 650
B10: 09:30 | C10: Letícia Campos | D10: Villane Dias | E10: Teste Ortóptico | F10: Dinheiro | G10: - | H10: - | I10: - | J10: 95
B11: 10:10 | C11: Paulo Henrique Braga | D11: Juliana | E11: Exames | F11: Cartão | G11: Elo | H11: Débito | I11: 1x | J11: 310
B12: 10:45 | C12: Ana Carolina Freitas | D12: Nedy Neves | E12: Consulta Particular | F12: Cartão | G12: Mastercard | H12: Crédito | I12: 2x | J12: 250
B13: 11:20 | C13: Roberto Menezes Lima | D13: Villane Dias | E13: Teste Ortóptico | F13: Pix | G13: - | H13: - | I13: - | J13: 95
B14: 13:40 | C14: Fernanda Duarte | D14: Marcela Souza | E14: Lente de Contato | F14: Dinheiro | G14: - | H14: - | I14: - | J14: 480
B15: 14:15 | C15: Carlos Eduardo Nunes | D15: Juliana | E15: Exames | F15: Pix | G15: - | H15: - | I15: - | J15: 310
B16: 14:55 | C16: Patrícia Gomes | D16: Nedy Neves | E16: Outros | F16: Cartão | G16: Elo | H16: Crédito | I16: 1x | J16: 180
B17: 15:30 | C17: Eduardo Sampaio | D17: Villane Dias | E17: Consulta Particular | F17: Cartão | G17: Visa | H17: Débito | I17: 1x | J17: 250
B18: 16:05 | C18: Juliana Martins Reis | D18: Marcela Souza | E18: Exames | F18: Dinheiro | G18: - | H18: - | I18: - | J18: 220
B19: 16:40 | C19: Silvana Prado | D19: Juliana | E19: Lente de Contato | F19: Pix | G19: - | H19: - | I19: - | J19: 480
B20: Total recebido no dia (12 atendimentos) | J20: =SUM(J8:J19) -> 3570
B22: Nota: campos com "-" indicam que a forma de pagamento não exige bandeira, modalidade ou parcelamento.

Sheet Cartões
B1: Detalhamento de Cartões
B2: SOFT Clínica de Oftalmologia | Data: 02/09/2026 | Valores em Reais (R$)
B3: Quebra dos pagamentos em cartão por bandeira e por modalidade (crédito ou débito).
B6: Cartões por Bandeira
B7: Categoria | C7: Atendimentos | D7: Valor recebido | E7: % do cartão
B8: Visa | C8: =COUNTIF(Atendimentos!$G$8:$G$19,$B8) -> 2 | D8: =SUMIF(Atendimentos!$G$8:$G$19,$B8,Atendimentos!$J$8:$J$19) -> 900 | E8: =IFERROR(D8/$D$11,0) -> 0.54878049
B9: Mastercard | C9: =COUNTIF(Atendimentos!$G$8:$G$19,$B9) -> 1 | D9: =SUMIF(Atendimentos!$G$8:$G$19,$B9,Atendimentos!$J$8:$J$19) -> 250 | E9: =IFERROR(D9/$D$11,0) -> 0.15243902
B10: Elo | C10: =COUNTIF(Atendimentos!$G$8:$G$19,$B10) -> 2 | D10: =SUMIF(Atendimentos!$G$8:$G$19,$B10,Atendimentos!$J$8:$J$19) -> 490 | E10: =IFERROR(D10/$D$11,0) -> 0.29878049
B11: Total em cartão | C11: =SUM(C8:C10) -> 5 | D11: =SUM(D8:D10) -> 1640 | E11: =IFERROR(SUM(E8:E10),0) -> 1
B14: Cartões por Modalidade
B15: Categoria | C15: Atendimentos | D15: Valor recebido | E15: % do cartão
B16: Crédito | C16: =COUNTIF(Atendimentos!$H$8:$H$19,$B16) -> 3 | D16: =SUMIF(Atendimentos!$H$8:$H$19,$B16,Atendimentos!$J$8:$J$19) -> 1080 | E16: =IFERROR(D16/$D$18,0) -> 0.65853659
B17: Débito | C17: =COUNTIF(Atendimentos!$H$8:$H$19,$B17) -> 2 | D17: =SUMIF(Atendimentos!$H$8:$H$19,$B17,Atendimentos!$J$8:$J$19) -> 560 | E17: =IFERROR(D17/$D$18,0) -> 0.34146341
B18: Total em cartão | C18: =SUM(C16:C17) -> 5 | D18: =SUM(D16:D17) -> 1640 | E18: =IFERROR(SUM(E16:E17),0) -> 1
B20: Notas: (1) Percentuais calculados sobre o total recebido em cartão. (2) Nas vendas parceladas no crédito, o valor e a data de vencimento de cada parcela estão na aba Parcelas do Cartão.

Sheet Parcelas do Cartão
B1: Parcelas do Cartão de Crédito
B2: SOFT Clínica de Oftalmologia | Compras de 02/09/2026 | Valores em Reais (R$)
B3: Valor e data de vencimento de cada parcela dos atendimentos pagos com cartão de crédito.
B6: Cronograma de Recebimento das Parcelas
B7: Paciente | C7: Bandeira | D7: Parcelamento | E7: Parcela | F7: Total parc. | G7: Valor da parcela (R$) | H7: Vencimento
B8: José Ricardo Pinto | C8: Visa | D8: 3x no crédito | E8: 1ª | F8: 3 | G8: =ROUND(Atendimentos!$J$9/3,2) -> 216.67 | H8: =EDATE(DATE(2026,9,2),1) -> 46297
B9: José Ricardo Pinto | C9: Visa | D9: 3x no crédito | E9: 2ª | F9: 3 | G9: =ROUND(Atendimentos!$J$9/3,2) -> 216.67 | H9: =EDATE(DATE(2026,9,2),2) -> 46328
B10: José Ricardo Pinto | C10: Visa | D10: 3x no crédito | E10: 3ª | F10: 3 | G10: =Atendimentos!$J$9-SUM(G8:G9) -> 216.66 | H10: =EDATE(DATE(2026,9,2),3) -> 46358
B11: Ana Carolina Freitas | C11: Mastercard | D11: 2x no crédito | E11: 1ª | F11: 2 | G11: =ROUND(Atendimentos!$J$12/2,2) -> 125 | H11: =EDATE(DATE(2026,9,2),1) -> 46297
B12: Ana Carolina Freitas | C12: Mastercard | D12: 2x no crédito | E12: 2ª | F12: 2 | G12: =Atendimentos!$J$12-SUM(G11:G11) -> 125 | H12: =EDATE(DATE(2026,9,2),2) -> 46328
B13: Patrícia Gomes | C13: Elo | D13: 1x no crédito | E13: 1ª | F13: 1 | G13: =Atendimentos!$J$16 -> 180 | H13: =EDATE(DATE(2026,9,2),1) -> 46297
B14: Total parcelado no cartão de crédito (6 parcelas) | G14: =SUM(G8:G13) -> 1080
B16: Conferência por Atendimento
B17: Paciente | C17: Valor do atendimento | D17: Soma das parcelas | E17: Diferença | F17: Situação
B18: José Ricardo Pinto | C18: =Atendimentos!$J$9 -> 650 | D18: =SUM(G8:G10) -> 650 | E18: =C18-D18 -> 0 | F18: =IF(ROUND(E18,2)=0,"OK","Verificar") -> OK
B19: Ana Carolina Freitas | C19: =Atendimentos!$J$12 -> 250 | D19: =SUM(G11:G12) -> 250 | E19: =C19-D19 -> 0 | F19: =IF(ROUND(E19,2)=0,"OK","Verificar") -> OK
B20: Patrícia Gomes | C20: =Atendimentos!$J$16 -> 180 | D20: =SUM(G13:G13) -> 180 | E20: =C20-D20 -> 0 | F20: =IF(ROUND(E20,2)=0,"OK","Verificar") -> OK
B22: Previsão de Recebimento por Mês
B23: Mês de vencimento | C23: Parcelas | D23: Valor previsto (R$) | E23: % do parcelado
B24: Outubro de 2026 | C24: =COUNTIFS($H$8:$H$13,">="&DATE(2026,10,1),$H$8:$H$13,"<="&EOMONTH(DATE(2026,10,1),0)) -> 3 | D24: =SUMIFS($G$8:$G$13,$H$8:$H$13,">="&DATE(2026,10,1),$H$8:$H$13,"<="&EOMONTH(DATE(2026,10,1),0)) -> 521.67 | E24: =IFERROR(D24/$D$27,0) -> 0.48302778
B25: Novembro de 2026 | C25: =COUNTIFS($H$8:$H$13,">="&DATE(2026,11,1),$H$8:$H$13,"<="&EOMONTH(DATE(2026,11,1),0)) -> 2 | D25: =SUMIFS($G$8:$G$13,$H$8:$H$13,">="&DATE(2026,11,1),$H$8:$H$13,"<="&EOMONTH(DATE(2026,11,1),0)) -> 341.67 | E25: =IFERROR(D25/$D$27,0) -> 0.31636111
B26: Dezembro de 2026 | C26: =COUNTIFS($H$8:$H$13,">="&DATE(2026,12,1),$H$8:$H$13,"<="&EOMONTH(DATE(2026,12,1),0)) -> 1 | D26: =SUMIFS($G$8:$G$13,$H$8:$H$13,">="&DATE(2026,12,1),$H$8:$H$13,"<="&EOMONTH(DATE(2026,12,1),0)) -> 216.66 | E26: =IFERROR(D26/$D$27,0) -> 0.20061111
B27: Total | C27: =SUM(C24:C26) -> 6 | D27: =SUM(D24:D26) -> 1080 | E27: =IFERROR(SUM(E24:E26),0) -> 1
B29: Notas: (1) Vencimentos calculados mês a mês a partir da data da compra. (2) Na última parcela entra o ajuste de centavos, para a soma fechar com o valor do atendimento. (3) Débito e demais formas de pagamento são recebidos à vista e não aparecem aqui.
